,precision,recall,f1-score,support
Xaalad deg deg ah,1.0,1.0,1.0,1029.0
Xaalad dhax dhaxaad eh (Bukaan socod),0.9572586588061901,1.0,0.9781626506024096,1299.0
Xaalad fudud (Daryeel guri),1.0,0.9539316918189039,0.9764227642276423,1259.0
accuracy,0.9838304990242542,0.9838304990242542,0.9838304990242542,0.9838304990242542
macro avg,0.98575288626873,0.984643897272968,0.9848618049433506,3587.0
weighted avg,0.9845216051823923,0.9838304990242542,0.983816432477037,3587.0
